2024-11-22 17:06:38,Germany stocks higher at close of trade; DAX up 0.83%
2024-11-22 12:21:45,European stocks gain depite disappointing economic data
2024-11-21 17:07:30,Germany stocks mixed at close of trade; DAX up 0.75%
2024-11-21 12:14:08,"European stocks higher; earnings, regional sentiment data in focus"
2024-11-20 17:06:39,Germany stocks mixed at close of trade; DAX down 0.31%
2024-11-20 12:00:50,"European markets edge lower after UK inflation surprise, geopolitical concerns"
2024-11-19 17:06:38,Germany stocks lower at close of trade; DAX down 0.67%
2024-11-19 14:54:33,European markets fall sharply after Putin's nuclear threat; risk sentiment wanes
2024-11-18 17:06:46,Germany stocks lower at close of trade; DAX down 0.18%
2024-11-18 15:16:36,European stocks mixed; UK inflation numbers loom large
2024-11-15 17:07:19,Germany stocks lower at close of trade; DAX down 0.23%
2024-11-15 15:37:39,European stocks slip slightly; UK economy contracted in September
2024-11-14 17:06:43,Germany stocks higher at close of trade; DAX up 1.26%
2024-11-14 15:14:08,European stocks rise; eurozone GDP rose in Q3
2024-11-13 17:06:47,Germany stocks lower at close of trade; DAX down 0.30%
2024-11-13 15:08:57,European stocks retreat on regional growth fears; Just Eat soars
2024-11-12 17:10:42,Germany stocks lower at close of trade; DAX down 2.06%
2024-11-12 15:28:29,"European stocks retreat; German inflation rises, Bayer cuts guidance"
2024-11-11 17:06:37,Germany stocks higher at close of trade; DAX up 1.22%
2024-11-11 14:50:45,European stocks post strong gains; Continental surges after quarterly results
2024-11-08 17:06:48,Germany stocks mixed at close of trade; DAX down 0.81%
2024-11-08 10:06:44,European markets fall at end of volatile week; IAG soars
2024-11-08 05:40:35,Morning Bid: Stocks at record peaks on stimulus hopes
2024-11-07 17:06:52,Germany stocks higher at close of trade; DAX up 1.72%
2024-11-07 14:57:13,European stocks higher; German political turmoil to generate stimulus?
2024-11-07 10:40:26,"Less upside for European equities under a Trump presidency, UBS says"
2024-11-07 05:46:40,Morning Bid: German political drama adds to Trump risks for Europe
2024-11-06 17:06:54,Germany stocks lower at close of trade; DAX down 1.14%
2024-11-05 17:10:09,Germany stocks higher at close of trade; DAX up 0.55%
2024-11-05 15:16:53,European stocks struggle for direction as US starts voting
2024-11-04 17:06:37,Germany stocks lower at close of trade; DAX down 0.47%
2024-11-04 14:48:39,"European stocks mixed; caution ahead of US election, central bank meetings"
2024-11-01 17:07:09,Germany stocks higher at close of trade; DAX up 0.92%
2024-11-01 14:26:44,European stocks boosted by oil sector; US payrolls disappoint
2024-10-31 17:06:16,Germany stocks lower at close of trade; DAX down 1.03%
2024-10-31 15:04:07,European stocks fall; eurozone CPI in spotlight
2024-10-30 17:06:20,Germany stocks lower at close of trade; DAX down 1.09%
2024-10-30 15:23:32,European stocks fall;  UK budget increases taxes by £40bn
2024-10-29 17:30:39,"STOXX 600 falls on earnings drag, travel and leisure worst hit"
2024-10-29 17:06:55,Germany stocks lower at close of trade; DAX down 0.25%
2024-10-29 12:27:33,European stocks lower as investors digest earnings; Germany needs reforms - IMF
2024-10-28 17:06:18,Germany stocks higher at close of trade; DAX up 0.34%
2024-10-28 15:09:24,European stocks bounce as risk sentiment improves; Philips cuts sales forecast
2024-10-28 02:01:01,What is the outlook for European stocks? Capital Economics weighs in
2024-10-25 16:06:20,Germany stocks higher at close of trade; DAX up 0.02%
2024-10-25 12:41:06,Mercedes to step up cost cuts after earnings halve
2024-10-24 16:06:14,Germany stocks higher at close of trade; DAX up 0.39%
2024-10-24 13:56:27,European stocks edge higher; corporate earnings deluge continues
2024-10-23 16:06:17,Germany stocks mixed at close of trade; DAX down 0.20%
2024-10-23 08:41:39,"European stocks could rally after US election into 2025, Barclays says"
2024-10-22 17:56:04,IMF cuts forecasts for German economy this year and next
2024-10-22 16:31:26,"European shares sag, SAP boosts tech stocks after forecast raise"
2024-10-22 16:11:14,Germany stocks mixed at close of trade; DAX down 0.13%
2024-10-22 13:58:56,European stocks edge lower; IMF cuts German growth forecast
2024-10-21 16:54:54,STOXX 600 finishes lower ahead of key earnings reports
2024-10-21 16:06:21,Germany stocks lower at close of trade; DAX down 1.02%
2024-10-21 07:19:20,European stocks mixed; German producer prices fall
2024-10-21 04:35:56,Morning Bid: SAP sets the tone
2024-10-18 17:14:06,European stocks end mixed; luxury stocks help France outperform
2024-10-18 16:06:12,Germany stocks higher at close of trade; DAX up 0.38%
2024-10-17 16:21:16,European shares close higher after ECB lowers interest rates
2024-10-17 16:06:17,Germany stocks higher at close of trade; DAX up 0.80%
2024-10-16 16:06:21,Germany stocks mixed at close of trade; DAX down 0.18%
2024-10-16 07:15:59,European stocks mixed; benign inflation data helps FTSE outperform
2024-10-15 16:06:20,Germany stocks mixed at close of trade; DAX up 0.06%
2024-10-15 08:39:09,Strong weekly flows in S&P 500 drive extended long positioning: Citi
2024-10-15 07:07:44,"European stocks steady after inflation, unemployment data; Ericsson shines"
2024-10-14 16:06:20,Germany stocks higher at close of trade; DAX up 0.66%
2024-10-14 07:18:20,European stocks mixed; Chinese stimulus and ECB meeting in focus
2024-10-11 16:06:16,Germany stocks higher at close of trade; DAX up 0.75%
2024-10-11 07:18:26,European stocks slip lower; UK GDP returns to growth
2024-10-10 16:06:15,Germany stocks lower at close of trade; DAX down 0.23%
2024-10-10 07:06:59,"European stocks mixed; US inflation, Chinese stimulus in focus"
2024-10-09 16:11:17,Germany stocks higher at close of trade; DAX up 1.00%
2024-10-09 07:14:20,European stocks largely unchanged; Rio Tinto moves into lithium
2024-10-08 16:06:40,Germany stocks lower at close of trade; DAX down 0.17%
2024-10-08 07:05:33,"European stocks slip lower; weakness in US, Asia weighs"
2024-10-07 16:06:16,Germany stocks lower at close of trade; DAX down 0.14%
2024-10-07 07:06:10,European stocks edge higher in payrolls afterglow; eurozone retail sales due
2024-10-04 16:06:16,Germany stocks higher at close of trade; DAX up 0.55%
2024-10-04 07:18:07,European stocks largely unchanged; caution ahead of US payrolls
2024-10-03 16:25:55,European shares fall as Middle East jitters curb risk-taking
2024-10-03 16:06:15,Germany stocks lower at close of trade; DAX down 0.90%
2024-10-03 07:06:20,European stocks mostly fall on Middle East tensions; Tesco lifts guidance
2024-10-02 16:06:15,Germany stocks lower at close of trade; DAX down 0.33%
2024-10-02 08:40:15,"European energy, defense firms rise amid escalating Middle East tensions"
2024-10-02 07:06:45,European stocks edged higher; caution over Middle East turmoil
2024-10-01 16:08:36,Germany stocks lower at close of trade; DAX down 0.65%
2024-10-01 10:58:11,"S&P 500, Nasdaq and Russell 2000 all 'exhibit an increasingly bullish skew': Citi"
2024-10-01 07:06:08,European stocks mostly edge higher; eurozone inflation in spotlight
2024-09-30 16:08:26,Germany stocks lower at close of trade; DAX down 0.68%
2024-09-30 07:13:09,European stocks fall after UK growth revision; mixed Asian markets in focus
2024-09-27 16:08:16,Germany stocks higher at close of trade; DAX up 1.26%
2024-09-27 09:19:11,European stocks touch record high amid China-powered rally
2024-09-26 16:08:46,Germany stocks higher at close of trade; DAX up 1.59%
2024-09-26 11:12:41,Will recession in Germany drag the DAX 40 down?
2024-09-26 07:06:35,European stocks higher on Asian cheer; H&M discards key target
2024-09-25 16:09:24,Germany stocks mixed at close of trade; DAX down 0.39%
2024-09-25 07:05:39,European stocks slip lower; growth concerns return
2024-09-24 16:07:44,Germany stocks higher at close of trade; DAX up 0.75%
2024-09-24 07:06:08,European stocks rise after Chinese stimulus; growth concerns remain
2024-09-23 16:07:27,Germany stocks higher at close of trade; DAX up 0.58%
2024-09-23 07:17:29,"European stocks mixed; PMIs, Commerzbank in spotlight"
2024-09-23 01:30:38,"India's Nifty, Sensex outperform most global markets, behind only Wall Street"
2024-09-20 16:06:45,Germany stocks lower at close of trade; DAX down 1.43%
2024-09-20 11:36:03,"India's Nifty, Sensex outperform most global markets, behind only Wall Street"
2024-09-20 07:16:44,European stocks consolidate after sharp gains; central banks in focus
2024-09-20 00:11:11,"Even before election, Trump, allies sue over claims that non-citizens might vote"
2024-09-19 16:08:46,Germany stocks higher at close of trade; DAX up 1.54%
2024-09-19 07:06:44,European stocks climb after hefty Fed cut; Next soars after outlook lift
2024-09-18 16:06:13,Germany stocks mixed at close of trade; DAX down 0.03%
2024-09-17 16:06:16,Germany stocks higher at close of trade; DAX up 0.52%
2024-09-17 07:07:57,European stocks rise ahead of start of Fed meeting; German ZEW data due
2024-09-16 16:06:10,Germany stocks lower at close of trade; DAX down 0.38%
2024-09-16 07:11:35,European stocks slip lower ahead of key central bank meetings
2024-09-13 16:06:13,Germany stocks higher at close of trade; DAX up 0.92%
2024-09-13 08:52:15,Markets underprice how far the ECB will ease next year: BCA
2024-09-13 08:44:16,"Germany won't avoid a recession, Nomura says"
2024-09-11 16:06:15,Germany stocks mixed at close of trade; DAX up 0.34%
2024-09-11 11:34:12,Too early to buy into weakness among Europe’s China proxies: Citi
2024-09-10 17:01:14,"Banks, energy stocks weigh on European bourses; BMW tumbles"
2024-09-10 16:06:43,Germany stocks lower at close of trade; DAX down 0.89%
2024-09-09 16:06:18,Germany stocks higher at close of trade; DAX up 0.71%
2024-09-06 17:00:58,European shares have worst day in a month as investors digest mixed US data
2024-09-06 16:06:36,Germany stocks lower at close of trade; DAX down 1.59%
2024-09-05 17:01:20,European shares slip on growth jitters; French stocks lead decline
2024-09-05 16:06:10,Germany stocks mixed at close of trade; DAX up 0.02%
2024-09-05 07:11:57,European stocks slip lower; risk sentiment fragile ahead of payrolls
2024-09-04 16:06:16,Germany stocks lower at close of trade; DAX down 0.83%
2024-09-04 10:51:13,Explainer-Volkswagen Law: the unique structure behind the German carmaker's labour clash
2024-09-04 06:56:40,European stocks fall on growth concerns; services PMI in focus
2024-09-03 16:06:29,Germany stocks lower at close of trade; DAX down 0.92%
2024-09-02 16:06:15,Germany stocks mixed at close of trade; DAX up 0.09%
2024-09-02 14:16:06,Global stocks start September in cautious mood
2024-09-02 08:58:20,"European stocks edge lower; weak manufacturing activity, German politics weigh"
2024-09-02 07:30:31,Take Five: Shaky September
2024-08-30 16:06:10,Germany stocks mixed at close of trade; DAX down 0.03%
2024-08-30 10:11:25,"Morning Bid: Record highs abound, except in usual place"
2024-08-30 05:10:56,France's political quagmire keeps asset recovery at bay
2024-08-28 16:06:12,Germany stocks mixed at close of trade; DAX up 0.57%
2024-08-27 16:06:11,Germany stocks higher at close of trade; DAX up 0.44%
2024-08-26 16:06:10,Germany stocks mixed at close of trade; DAX down 0.06%
2024-08-23 16:06:09,Germany stocks higher at close of trade; DAX up 0.77%
2024-08-22 16:06:12,Germany stocks mixed at close of trade; DAX up 0.25%
2024-08-21 16:06:10,Germany stocks higher at close of trade; DAX up 0.51%
2024-08-20 16:26:28,Energy shares lead Europe's STOXX 600 to snap 5-day gains
2024-08-20 16:06:12,Germany stocks lower at close of trade; DAX down 0.36%
2024-08-19 16:11:08,Germany stocks higher at close of trade; DAX up 0.58%
2024-08-16 16:06:19,Germany stocks higher at close of trade; DAX up 0.80%
2024-08-15 16:06:10,Germany stocks higher at close of trade; DAX up 1.66%
2024-08-14 16:06:10,Germany stocks higher at close of trade; DAX up 0.38%
2024-08-13 16:06:16,Germany stocks higher at close of trade; DAX up 0.45%
2024-08-12 16:06:31,Germany stocks lower at close of trade; DAX down 0.06%
2024-08-09 16:06:08,Germany stocks higher at close of trade; DAX up 0.12%
2024-08-08 16:06:13,Germany stocks mixed at close of trade; DAX up 0.29%
2024-08-07 16:06:47,Germany stocks higher at close of trade; DAX up 1.47%
2024-08-07 12:10:47,Continental promises stronger second half as cost-cutting measures sink in
2024-08-05 16:06:28,Germany stocks lower at close of trade; DAX down 1.95%
2024-08-05 07:49:30,European stocks plunge on recession fears
2024-08-02 16:06:35,Germany stocks lower at close of trade; DAX down 2.44%
2024-08-01 16:25:57,European shares slide more than 1% as bank stocks crumble
2024-08-01 16:06:07,Germany stocks lower at close of trade; DAX down 2.28%
2024-07-31 16:06:09,Germany stocks higher at close of trade; DAX up 0.48%
2024-07-30 16:06:07,Germany stocks higher at close of trade; DAX up 0.56%
2024-07-29 16:06:09,Germany stocks mixed at close of trade; DAX down 0.49%
2024-07-26 16:06:11,Germany stocks higher at close of trade; DAX up 0.68%
2024-07-25 16:06:37,Germany stocks lower at close of trade; DAX down 0.45%
2024-07-24 16:06:39,Germany stocks lower at close of trade; DAX down 0.95%
2024-07-23 16:06:09,Germany stocks mixed at close of trade; DAX up 0.77%
2024-07-23 11:55:05,"Position levels for Nasdaq are still extended, Citi warns"
2024-07-22 16:06:08,Germany stocks higher at close of trade; DAX up 1.35%
2024-07-19 16:06:08,Germany stocks lower at close of trade; DAX down 1.03%
2024-07-18 16:06:15,Germany stocks mixed at close of trade; DAX down 0.40%
2024-07-17 16:06:09,Germany stocks lower at close of trade; DAX down 0.40%
2024-07-16 16:06:07,Germany stocks lower at close of trade; DAX down 0.35%
2024-07-15 16:06:09,Germany stocks lower at close of trade; DAX down 0.79%
2024-07-12 16:06:11,Germany stocks higher at close of trade; DAX up 1.27%
2024-07-11 16:06:08,Germany stocks higher at close of trade; DAX up 0.72%
2024-07-10 16:06:13,Germany stocks higher at close of trade; DAX up 0.99%
2024-07-10 13:00:55,Porsche AG shares rise after investor call
2024-07-09 16:06:08,Germany stocks lower at close of trade; DAX down 1.34%
2024-07-08 16:06:11,Germany stocks mixed at close of trade; DAX up 0.07%
2024-07-05 16:06:09,Germany stocks higher at close of trade; DAX up 0.06%
2024-07-05 07:05:40,"European stocks edge higher; UK election results, US payrolls in focus"
2024-07-04 16:06:09,Germany stocks higher at close of trade; DAX up 0.43%
2024-07-04 07:11:02,European stocks edge higher; political developments in focus
2024-07-03 07:20:56,"European stocks higher; Powell's comments, politics in spotlight"
2024-07-02 16:06:10,Germany stocks lower at close of trade; DAX down 0.75%
2024-07-02 07:11:18,European stocks retreat ahead of key inflation data; politics in spotlight
2024-07-01 16:06:10,Germany stocks mixed at close of trade; DAX up 0.47%
2024-06-28 16:06:11,Germany stocks mixed at close of trade; DAX up 0.13%
2024-06-28 07:31:38,"European stocks mostly higher; UK GDP rise, French politics weighs"
2024-06-27 16:06:11,Germany stocks mixed at close of trade; DAX up 0.28%
2024-06-27 07:32:55,European stocks muted; Micron hits sentiment ahead of key US inflation release
2024-06-26 07:19:26,"European stocks higher, boosted by tech rebound; Volkswagen invests in Rivian"
2024-06-25 16:06:10,Germany stocks mixed at close of trade; DAX down 0.89%
2024-06-25 09:00:06,Citi: Bullish positioning in US equities high but Nasdaq momentum fading
2024-06-25 07:17:17,European stocks mostly weaken; sentiment hit by tech-led weakness on Wall Street
2024-06-24 16:06:32,Germany stocks higher at close of trade; DAX up 0.99%
2024-06-21 16:06:09,Germany stocks lower at close of trade; DAX down 0.38%
2024-06-20 16:06:57,Germany stocks higher at close of trade; DAX up 0.95%
2024-06-19 16:06:20,Germany stocks lower at close of trade; DAX down 0.36%
2024-06-19 07:23:23,European stocks drift lower despite UK inflation falling to target
2024-06-18 16:06:35,Germany stocks higher at close of trade; DAX up 0.31%
2024-06-18 07:10:18,"European stocks rise; politics, central bank meetings in focus"
2024-06-17 16:06:35,Germany stocks mixed at close of trade; DAX up 0.40%
2024-06-17 09:25:41,"European stocks edged higher; BOE meeting, inflation data due this week"
2024-06-14 16:06:28,Germany stocks lower at close of trade; DAX down 1.34%
2024-06-13 16:06:38,Germany stocks lower at close of trade; DAX down 1.97%
2024-06-13 07:11:36,European stocks retreat after hawkish Fed; more inflation data in focus
2024-06-12 16:06:37,Germany stocks higher at close of trade; DAX up 1.49%
2024-06-11 16:06:46,Germany stocks lower at close of trade; DAX down 0.66%
2024-06-11 10:19:05,Citi: Nasdaq favored while EU banks shunned
2024-06-10 16:16:16,French stocks send Europe's STOXX 600 lower on political uncertainty
2024-06-10 16:06:30,Germany stocks lower at close of trade; DAX down 0.37%
2024-06-10 10:21:10,Morning Bid: Europe jolted by Macron's snap election call
2024-06-10 07:21:59,"European stocks slump after European vote, shock French election"
2024-06-07 16:06:53,Germany stocks mixed at close of trade; DAX down 0.52%
2024-06-06 16:06:44,Germany stocks higher at close of trade; DAX up 0.38%
2024-06-06 16:00:47,European shares close up after ECB delivers first rate-cut in five years
2024-06-06 07:10:09,European stocks higher ahead of ECB policy meeting
2024-06-05 16:05:27,Germany stocks higher at close of trade; DAX up 0.89%
2024-06-05 07:12:05,European stocks gain ahead of PMI data; Inditex surges
2024-06-04 16:27:43,European shares snap three-day winning streak on commodities' drag
2024-06-04 09:47:02,Stocks bullish positioning declined globally: Citi
2024-06-04 07:25:17,European stocks retreat; caution ahead of ECB meeting
2024-06-03 06:02:40,Take Five: Cool jobs at last
2024-05-31 22:39:24,Take Five: Cool jobs at last
2024-05-31 07:15:26,European stock mixed ahead of key inflation data release
2024-05-30 07:16:45,European stocks largely lower; key inflation data looms
2024-05-29 07:05:39,European stocks edge lower; BHP seeks more time over Anglo bid
2024-05-28 07:18:50,European stocks mixed; global inflation data in focus
2024-05-24 07:15:56,European stocks hit by weak global sentiment; UK retail sales slump
2024-05-23 12:30:49,"Global stocks fatigued from bull run, but no correction expected: Reuters poll"
2024-05-23 07:28:17,"European stocks largely higher; Nvidia earnings, PMI data in focus"
2024-05-22 10:40:58,European shares to hit pause before rising again in 2025: Reuters poll
2024-05-21 07:25:08,European stocks fall on Fed rate concerns; AstraZeneca lifts revenue target
2024-05-20 07:19:23,European stocks edge higher; Ryanair reports rise in profits
2024-05-17 07:11:29,European stocks retreat ahead of key inflation release; HSBC falls
2024-05-16 07:28:27,European stocks retreat on downbeat earnings; bucking global rally
2024-05-16 04:43:28,Morning Bid: Post-CPI party goes global
2024-05-14 07:22:12,European stocks mostly lower; ranges limited ahead of US inflation release
2024-05-10 07:06:22,European stocks rise as UK growth data adds to positive sentiment
2024-05-09 07:30:13,European stocks edge higher; earnings in focus ahead of BOE decision
2024-05-08 09:29:36,"European stocks rise to record level, boosted by generally positive earnings"
2024-05-07 07:23:03,European stocks rise strongly; UBS reports quarterly profit
2024-05-03 09:10:47,European earnings resilience limits stocks downside - Barclays
2024-05-03 07:27:25,European stocks mixed; earnings in focus ahead of key payrolls release
2024-05-02 09:08:36,European stocks mixed; Shell shines as quarterly earnings continue
2024-04-30 07:31:37,"European stocks mixed; investors digest earnings, ahead of key data, Fed meeting"
2024-04-29 07:24:46,"European stocks rise; quarterly earnings, German inflation data in focus"
2024-04-26 07:57:03,"European stocks rise, helped by positive global sentiment; NatWest gains"
2024-04-25 08:04:29,"European stocks mixed; Euro banking sector, Meta Platforms in the spotlight"
2024-04-24 07:09:59,European stocks rise; Tesla earnings boost global sentiment
2024-04-09 12:32:02,Investors unwound $9.4B in long positions last week - Citi
2024-04-09 04:35:40,Morning Bid: Metals rise above the din
2024-04-08 16:16:24,European stocks gain on German data as focus turns to ECB policy meeting
2024-04-02 16:30:55,European stocks dragged down by healthcare; German inflation data in focus
2024-03-26 17:25:48,European shares end higher on financials boost; Rubis shimmers
2024-03-26 10:17:01,Citi: Positioning 'increasingly bullish in Europe' versus US
2024-03-19 20:56:47,"World shares bounce, yen slides after landmark BOJ shift"
2024-03-11 08:15:11,"European stocks retreat, continuing global selloff; Currys slumps"
2024-03-08 08:14:36,European stocks subdued ahead of US payrolls; Informa gains on strong report
2024-03-07 08:12:06,European stocks fall ahead of ECB meeting; German factory orders slump
2024-03-06 08:14:15,"European stocks edge higher ahead of UK budget, Powell's Congress testimony"
2024-03-05 11:41:01,"Bullish momentum in US futures moderated last week, markets still extended - Citi"
2024-03-01 17:22:18,Europe's STOXX 600 hits record high in strong start to March
2024-03-01 11:11:51,Marketmind: March back up to record highs
2024-03-01 08:06:24,"European stocks rise on global optimism; inflation, PMI data in focus"
2024-03-01 05:35:54,Marketmind: Perusing euro zone PMIs and prices
2024-02-29 17:05:51,European shares edge up on earnings relief; German DAX at record high
2024-02-28 08:09:06,European stocks mixed; investors on inflation data watch
2024-02-27 09:23:02,Citi: Bullish investor sentiment 'nearly everywhere'
2024-02-27 08:09:19,European stocks steady amid caution ahead of key inflation data
2024-02-26 08:09:36,European stocks slip lower ahead of global inflation cues
2024-02-23 21:48:54,"Stocks eke out gain as Nvidia rally slows, yields slip"
2024-02-23 08:06:54,European stocks edge higher; German economic woes limit gains
2024-02-22 11:41:24,European shares to hit records highs in 2024 but path could be rocky: Reuters poll
2024-02-22 11:06:04,"Marketmind: AI 'tipping point' sends Nvidia, Nasdaq, Nikkei north"
2024-02-22 08:09:37,European stocks rise ahead of key PMI data; Nvidia boosts sentiment
2024-02-20 06:00:36,Munich's mountains and tech tempt big banks from Frankfurt
2024-02-12 22:41:42,"Stocks steady, dollar up; investors brace for CPI"
2024-02-02 17:30:36,European shares stuck below 2-yr highs as US data dashes rate optimism
2024-02-01 08:22:08,"European stocks weaken ahead of BOE, eurozone CPI; Deutsche Bank shines"
2024-01-31 08:16:36,European stocks mixed ahead of Fed decision; H&M slumps
2024-01-30 08:10:23,European stocks edge higher; eurozone growth data in spotlight
2024-01-29 08:35:02,European stocks mixed; caution at start of action-packed week
2024-01-26 08:14:42,European stocks mixed; German consumer sentiment weakens
2024-01-25 08:04:58,European stocks edge lower in cautious trading ahead of ECB decision
2024-01-24 08:08:42,European stocks rise on generally upbeat earnings; PMI data due
2024-01-24 00:21:33,"Stocks gain slightly, dollar rises against yen after BoJ decision"
2024-01-23 08:12:14,European stocks edge higher; investors await ECB meeting
2024-01-19 17:11:35,European shares clock weekly declines as rate-cut euphoria fades
2024-01-19 08:19:54,European stocks edge higher; UK retail sales slump
2024-01-18 08:09:44,European stocks edge higher; Richemont gains on strong China sales
2024-01-17 08:07:34,"European stocks fall on rate cut uncertainity, weak Chinese growth data"
2024-01-16 08:14:11,European stocks fall on delayed rate cut fears; Davos continues
2024-01-15 17:05:40,European shares start week on shaky footing as bond yields rise
2024-01-15 08:17:37,"European stocks edge higher; Davos, German GDP in focus"
2024-01-12 08:12:01,European stocks rise after UK economy grows; Burberry issues profit warning
2024-01-11 08:25:16,European stocks rise ahead of key US CPI; Tesco lifts profit guidance
2024-01-10 08:25:10,European stocks edge lower; French industrial production impresses
2024-01-09 08:03:13,European stocks mixed; German industrial production disappoints
2024-01-08 08:06:19,European stocks mixed; caution ahead of important inflation data
2024-01-05 08:16:18,"European stocks weaken ahead of key EU inflation, US payrolls data"
2024-01-04 08:15:33,European stocks edge higher; inflation data in focus
2024-01-03 08:08:18,European stocks mixed; risk rally pauses for breath
2024-01-02 12:07:02,Marketmind: S&P 500 record in view as 2024 begins in same vein
2024-01-02 08:07:11,European stocks rise ahead of key manufacturing PMI data
2023-12-21 08:12:55,European stocks retreat as investors bank profits ahead of festive break
2023-12-20 17:00:59,Alibaba CEO Wu Leads E-Commerce in Strategic Shift
2023-12-20 08:06:48,"European stocks rise, boosted by sharp slowdown in U.K. inflation"
2023-12-19 11:42:01,Citi warns of profit taking as futures positioning is 'extended and one-sided'
2023-12-19 08:11:33,European stocks edged higher; eurozone inflation in focus
2023-12-18 08:19:14,European stocks slip ahead of German Ifo; inflation data also in focus
2023-12-15 17:12:23,European shares end fifth week higher on rate-cut optimism
2023-12-15 08:04:19,European stocks continue post-Fed rally; H&M sales disappoint
2023-12-14 08:09:45,"European stocks surge higher after dovish Fed; ECB, BOE now due"
2023-12-13 08:16:56,European stocks edge higher; U.K. growth data disappoints ahead of Fed meeting
2023-12-12 17:22:04,"France, Germany shares hit record highs, but give up gains after U.S CPI"
2023-12-07 17:32:21,"European shares slip after recent rally, economic worries weigh"
2023-12-06 19:42:08,"Stocks edge up, 10-year Treasury yield falls as rate cut timing weighed"
2023-12-06 08:00:53,"European stocks higher; German factory orders slump, Tui looks at delisting"
2023-12-05 08:09:26,"European stocks mixed; eurozone PMIs, inflation data in focus"
2023-12-01 19:30:59,Lawyer of fugitive Wirecard executive called to testify in court
2023-12-01 08:01:17,European stocks higher; starting new month on positive note
2023-11-30 08:16:00,European stocks mixed; German retail sales help sentiment
2023-11-29 12:12:40,DAX climbs 1.10% on German inflation data and Fed rate cut hints
2023-11-28 07:47:33,European stocks slip; caution ahead of key inflation data
2023-11-27 08:09:46,European stocks drift lower; key economic data releases to guide sentiment
2023-11-24 19:21:01,"Global equities head toward big monthly gain, dollar falls"
2023-11-24 07:59:06,European stocks edge lower in thin trading; German GDP fell in Q3
2023-11-23 07:53:06,"European stocks edge higher ahead of key PMI data, ECB minutes"
2023-11-22 08:09:25,European stocks edge higher; U.K. Autumn Statement due
2023-11-21 11:18:46,"European shares set to rise in 2024 as central banks turn dovish, recession worries weigh- Reuters poll"
2023-11-21 10:51:20,European markets mixed ahead of US Fed minutes release
2023-11-21 07:59:03,"European stocks mixed; Lagarde speech, Fed minutes in focus"
2023-11-20 17:17:46,European shares inch up after robust week; Bayer tanks
2023-11-20 08:07:43,European stocks mixed; central bankers in focus as earnings slow
2023-11-20 03:42:06,Asian markets show mixed results amid global rate cut expectations
2023-11-17 19:40:46,European markets rally; Siemens Energy and Aroundtown lead gains
2023-11-17 19:34:26,FTSE 100 surges led by NatWest and mining stocks
2023-11-16 22:17:23,Israeli private detective sentenced in US to 6-2/3 years for hacker-for-hire scheme
2023-11-16 14:38:38,European stocks rise led by healthcare and tech sectors
2023-11-16 08:57:34,European stocks consolidate after recent gains; Burberry slumps after warning
2023-11-13 12:38:29,"Dollar strengthens as markets await key inflation data, Bitcoin nears 18-month high"
2023-11-09 11:59:44,ECB's inflation outlook and corporate earnings shape German DAX index
2023-11-08 11:59:29,Recordati and Enel report increased income amid bearish European markets
2023-11-07 11:11:03,"German industrial production dips, signaling possible recession"
2023-11-02 20:11:07,Global shares rally on Federal Reserve's signal of easing Wall Street restrictions
2023-10-30 18:43:22,"European Stocks Rise Led By Siemens Energy, Currency Fluctuations Observed"
2023-10-27 18:32:09,European stocks retreat led by Stoxx Europe 600 index
2023-10-26 14:22:31,U.S. and European indices dip while Asian markets show mixed results
2023-10-25 16:32:03,DAX index nudges higher amid strong corporate earnings and positive US PMI data
2023-10-23 10:20:02,Mixed Trends in U.S. Futures Ahead of Market Opening
2023-10-11 10:21:04,"No love for stocks or bonds, CTAs are very short both - UBS"
2023-10-06 08:19:39,European and London markets witness upswing amid US job data anticipation
2023-10-04 13:55:05,"Global Financial Markets Face Downturn, US Futures and European Indices Decline"
2023-10-03 13:40:27,Dax Sees Downturn Amid German Manufacturing Struggles and Us Economic Indicators
2023-09-28 18:58:27,DAX index stumbles amid recession concerns and ECB rate hikes
2023-09-22 10:38:28,"JPMorgan advocates for energy stocks, anticipates supply-demand gap post-2025"
2023-09-21 14:18:19,DAX Rebounds Amid Positive German Producer Prices and Steady Chinese Economy
2023-09-20 17:56:58,Wall Street and European Markets Rise in Anticipation of Federal Reserve’s Pause in Rate Hikes
2023-09-20 15:27:28,U.K. homebuilder and property shares surge amidst potential halt on BoE interest rate hikes
2023-09-20 06:41:02,German producer prices post biggest decline on record
2023-09-19 12:33:43,Nasdaq bearish positioning continues - Citi
2023-09-19 07:53:43,"European stocks mixed; Fed meeting, eurozone CPI prompts caution"
2023-09-14 17:51:13,"ECB Increases Key Interest Rates to Tackle Inflation, Signals End of Tightening Cycle"
2023-09-14 12:27:08,ECB raises rates but signals end of policy tightening
2023-09-13 15:21:30,German govt sees economy shrinking up to 0.3% this year - Bloomberg News
2023-09-12 16:12:38,"European shares fall as SAP drags, investors await U.S. data, ECB"
2023-09-12 06:25:34,German wholesale prices continue downward trend in August
2023-09-11 09:10:36,EU Commission cuts euro zone growth forecast as Germany in recession
2023-09-08 07:44:00,European stocks edge higher; French industrial production rebounds
2023-09-07 22:52:56,Asian markets fall amidst fears of prolonged high interest rates
2023-09-07 07:24:21,European stocks weaken; German industrial production falls further
2023-09-06 11:00:02,UK economy braces for flat growth as global markets falter
2023-09-05 17:05:47,Global business activity showed signs of slowdown in August -PMIs
2023-09-04 09:52:21,UK and European markets rise amid insolvency concerns and record rental prices
2023-09-04 08:35:48,Euro zone investor mood darkens in Sept -survey
2023-09-04 07:41:30,European stocks higher; Lagarde speech in focus
2023-09-01 07:43:53,"European stocks edge higher; eurozone PMI, US nonfarm payrolls in focus"
2023-08-31 08:41:33,German unemployment rises more than expected in August
2023-08-31 07:31:26,European stocks mixed; eurozone CPI data in spotlight
2023-08-30 08:13:48,European stocks edge higher; German import prices drop sharply
2023-08-29 08:00:51,European stocks higher; U.K. index leads as German consumer confidence slips
2023-08-29 06:07:49,German consumer morale to fall in September -GfK
2023-08-25 19:21:36,ECB's Lagarde calls for higher for longer rates to achieve inflation target
2023-08-24 08:07:30,European stocks higher; tech sector boosted by impressive Nvidia results
2023-08-22 10:46:18,Cheap European shares to struggle before testing record high in 2024 - Reuters poll
2023-08-21 20:57:23,US yields hit decade highs; European shares and Nasdaq rise
2023-08-21 16:31:57,"European shares rebound after four-day losses on energy, healthcare boost"
2023-08-21 07:47:04,"European stocks higher; German inflation retreats, China cuts interest rate"
2023-08-20 14:30:34,Germany wants tighter foreign investment controls amid China 'de-risking'
2023-08-18 07:56:07,European stocks weaken; U.K. retail sales slump
2023-08-17 08:14:38,"European stocks lower on  hawkish Fed minutes, China's woes; BAE slumps"
2023-08-16 09:12:30,Industrial output jump gives euro zone growth small boost
2023-08-10 08:07:29,"European stocks higher; quarterly earnings, U.S. inflation in focus"
2023-08-09 08:02:00,European stocks climb higher; banks rebound after tax worries
2023-08-08 16:16:16,Europe stocks dip as Italian banks hit by windfall tax; Novo Nordisk jumps
2023-08-08 08:11:31,"European stocks edge lower; Italian banks, Chinese trade data weigh"
2023-08-07 16:11:11,European stocks end slightly higher as defence firms hit record high
2023-08-07 07:55:12,European stocks mixed; German industrial production slumps
2023-08-04 08:12:39,"European stocks higher; German factory orders jump, Maersk warns of demand hit"
2023-08-03 08:12:52,European stocks retreat; BOE rate decision in focus
2023-08-02 07:48:17,European stocks weaken after U.S. downgrade; risk sentiment hit hard
2023-08-01 16:21:42,European shares start August on sour note as global factory activity falters
2023-08-01 09:26:31,"BMW lifts outlook, warns inflation and supply issues not over"
2023-08-01 09:21:08,Germany's struggling property sector in five charts
2023-07-28 08:20:46,European stocks mixed; strong AstraZeneca numbers help U.K. outperform
2023-07-27 08:54:06,"European stocks higher; Barclays, ECB meeting in focus"
2023-07-26 15:26:07,German IPO candidates hope for post-summer debuts
2023-07-26 07:49:57,European stocks lower; LVMH weighs ahead of Fed rate decision
2023-07-25 07:52:36,European stocks edge lower; corporate earnings  start flooding in
2023-07-24 07:54:25,"European stocks lower; German PMI disappoints, Philips slumps"
2023-07-21 17:06:18,European shares end second week higher; tech records worst week of the year
2023-07-21 07:56:49,"European stocks mixed; U.K. retail sales, corporate earnings in focus"
2023-07-20 07:53:44,European stocks mixed; corporate earnings in focus
2023-07-19 07:06:35,European stocks gain after U.K. CPI grows more slowly than expected
2023-07-18 20:31:08,"Global shares rise, dollar rebounds as Fed seen on target for rate hike"
2023-07-17 07:43:06,European stocks fall after underwhelming Chinese growth data; earnings to ramp up
2023-07-14 20:51:56,"Wall St holds gains after cooler inflation, mixed earnings"
2023-07-14 07:27:26,European stocks mixed; Telecoms sector weighs
2023-07-13 07:39:37,European stocks mixed; weak U.K. economy dilutes positive sentiment
2023-07-10 07:47:38,European stocks drift lower; weak Chinese inflation data weighs
2023-07-06 07:45:28,European stocks slump; hawkish Fed minutes increase growth concerns
2023-07-05 14:00:48,"Bitcoin outperformed popular assets in H1 2023, data shows"
2023-07-05 07:23:13,European stocks lower; sentiment hit by signs of global slowdown
2023-07-04 09:54:10,"Global stocks muted, Meta to unveil Twitter rival - what's moving markets"
2023-07-04 07:37:44,European stocks largely flat; Ryanair reports record June numbers
2023-06-26 16:41:10,"Heathcare stocks weigh on STOXX 600, defence stocks slide"
2023-06-26 13:21:19,"Siemens Energy share sell-off deepens, takes market value loss to $8 billion"
2023-06-23 16:26:06,"European shares post worst week in three months, Siemens Energy slumps"
2023-06-21 09:20:49,Markets await Powell testimony amid speculation for further increases
2023-06-20 16:45:51,"China-exposed miners, luxury shares drag STOXX 600 down; Lanxess plunges"
2023-06-19 16:26:05,"European shares slide, Germany's DAX retreats from record high"
2023-06-19 10:01:16,"China/U.S. talks, Goldman cuts China growth, BoE - what's moving markets"
2023-06-16 16:07:38,"European shares rise on defensive boost, post best week in 2 months"
2023-06-14 07:32:34,European stocks edge higher ahead of Fed meeting; U.K. returns to growth
2023-06-13 07:52:39,European stocks gain after China rate cut; tech stocks lead the way
2023-06-12 16:36:25,"German stocks lead gains in Europe, all eyes on central bank meetings"
2023-06-12 07:24:06,European stocks trade higher; UBS gains after completing Credit Suisse takeover
2023-06-12 06:09:16,Goldman Sachs Raises S&P 500 View Saying Rally to Broaden Beyond Tech
2023-06-10 08:15:32,Rheinmetall could be worth 17 billion euro over medium term-CEO
2023-06-09 07:32:03,European stocks weaken after weak Chinese data raises recovery doubts
2023-06-06 07:18:16,European stocks drift lower; weak German factory orders hit sentiment
2023-06-01 07:27:22,European stocks climb; German retail sales rise less than expected
2023-05-30 07:26:23,European stocks lower; U.S. debt agreement needs to get through Congress
2023-05-29 08:13:04,U.S. debt:  Watch out for these warnings before celebrating the deal
2023-05-26 07:45:33,"European stocks mixed; U.K. retail sales impress, but U.S. debt talks continue"
2023-05-25 11:27:13,Fresenius shares rise; Kabi raises 2023 outlook
2023-05-25 09:43:41,Fitch warns U.S. beware of possible 'miscalculation' on debt ceiling
2023-05-24 09:10:38,Red-hot markets: Maximum tension over fears of a U.S. 'default'
2023-05-23 11:30:45,European shares face bumpy ride to new highs in 2024: Reuters poll
2023-05-19 23:46:16,"Wall Street closes down, dollar dips as debt ceiling talks stall"
2023-05-18 20:56:56,"Wall Street ends higher, dollar climbs on solid data, debt ceiling progress"
2023-05-18 08:20:33,European stocks surge higher on U.S. debt ceiling optimism; BT Group slumps
2023-05-18 04:40:45,Marketmind: Get ready for the debt ceiling rally
2023-05-17 08:26:07,Commerzbank shares sink on prospect rate income near peak
2023-05-17 08:00:36,European stocks retreat on U.S. debt ceiling concerns; Commerzbank slumps
2023-05-16 07:57:12,European stocks edge higher; caution remains over global growth concerns
2023-05-12 08:28:32,"European stocks edge higher; U.K. GDP, Richemont earnings in focus"
2023-05-11 08:40:37,European stocks trade higher ahead of Bank of England meeting
2023-05-10 09:16:27,European stocks lower; Italian industrial production disappoints
2023-05-09 07:57:13,European stocks lower; Chinese trade data disappoints
2023-05-05 08:26:00,European stocks higher; Adidas shines with quarterly sales
2023-05-04 07:57:53,European stocks fall; investors cautiously await ECB decision
2023-05-03 08:10:15,European stocks edge higher; banking sector leads ahead of Fed
2023-05-02 08:15:34,German makers of Leopard 2 tank settle legal dispute
2023-05-02 07:42:20,European stocks edge higher; strong HSBC results boost tone
2023-04-28 08:01:45,"European stocks mixed; corporate earnings, growth and inflation data eyed"
2023-04-27 08:18:57,"European stocks mixed; results from Barclays, Deutsche Bank in focus"
2023-04-26 08:10:41,European stocks lower;  banking worries continue to weigh
2023-04-25 08:19:25,European stocks lower; UBS weakens after profit slump
2023-04-24 07:45:19,European stocks edge lower; Philips shines on proposed litigation deal
2023-04-21 07:54:30,European stocks slip; economic data raises slowdown fears
2023-04-12 08:03:06,European stocks edge higher; Volvo shines ahead of key U.S. inflation data
2023-04-11 07:45:44,"European stocks higher; euro zone retail sales, BMW deliveries in focus"
2023-04-06 07:59:27,European stocks edge higher; German industrial production growth helps
2023-04-05 12:27:20,"In listening mode, new Bayer CEO keeps 'open mind' on company split"
2023-04-05 07:48:49,European stocks edge higher; German factory orders impress
2023-04-04 07:58:26,European stocks edge higher; euro zone PPI data in focus
2023-04-03 17:18:18,"EY fined, banned from some audits in Germany over Wirecard scandal"
2023-04-03 08:12:05,European stocks higher; energy giants lead way after surprise OPEC+ cut
2023-04-03 06:10:21,European stock futures lower; oil prices surge on OPEC+ cut
2023-03-31 07:55:51,European stocks edge higher; Eurozone inflation release due
2023-03-30 08:12:00,European stocks higher; H&M results and inflation data offer support
2023-03-29 08:15:28,Infineon leaps after raising forecasts; STMicro pulled higher
2023-03-29 08:13:53,European stocks higher; UBS leads banking sector with CEO reappointment
2023-03-28 08:06:33,European stocks higher; UBS rises as confidence returns
2023-03-27 08:17:13,"European stocks higher; German Ifo rises, banking confidence improves"
2023-03-27 06:18:40,"European stock futures higher; IFO, banking sector in focus"
2023-03-24 09:18:24,"European stocks fall; Deutsche Bank, UBS drag banking sector lower"
2023-03-23 15:20:53,European equities boosted by the ongoing China recovery - Deutsche bank
2023-03-23 08:55:34,European stocks lower; Citigroup downgrades European banking sector
2023-03-22 08:49:02,European stocks edge lower; U.K. inflation shock weighs ahead of Fed decision
2023-03-21 08:56:42,European stocks higher; confidence returns ahead of Fed meeting
2023-03-20 09:10:14,European stocks lower; banking sector slumps after Swiss consolidation
2023-03-17 09:16:31,European stocks higher; sentiment surges on banking support
2023-03-16 14:23:09,"European stocks hold firm, euro inches higher after ECB raises rates"
2023-03-16 09:32:20,European stocks higher; Credit Suisse soars on SNB support line
2023-03-15 09:20:34,European stocks move lower as recovery in bank shares loses steam
2023-03-14 11:52:42,"Volkswagen invests in batteries, raw materials in race for affordable EV"
2023-03-14 09:13:16,European banking stocks extend decline as SVB collapse concerns persist
2023-03-13 09:34:41,European stocks lower; contagion fears hit banking sector hard
2023-03-10 12:12:07,Daimler Truck shares down on lower earnings despite positive outlook
2023-03-10 08:59:24,European stocks sharply lower; banking sector hit hard
2023-03-09 09:09:31,European stocks lower; Credit Suisse falls after delaying annual report
2023-03-08 09:07:52,"European stocks largely lower; Powell speech, German industrial output  in focus"
2023-03-07 09:08:37,European stocks just higher; Powell testimony in spotlight
2023-03-06 08:49:28,"European stocks edge higher; Chinese growth target, Eurozone retail sales in focus"
2023-03-04 11:40:31,Rheinmetall in talks on building tank factory in Ukraine - report
2023-03-03 17:22:20,"Volkswagen's 2023 sales outlook blows past forecast, shares soar"
2023-03-03 09:10:18,European stocks higher; Lufthansa soars after returning to profit
2023-03-02 09:20:17,European stocks lower; AB Inbev slips on weak 4Q sales
2023-03-01 09:03:09,European stocks edge higher; Chinese data hints at global recovery
2023-03-01 08:04:23,Puma raises dividend after record sales in 2022 but sees 2023 profit falling
2023-02-28 09:01:04,European stocks lower as inflation concerns mount
2023-02-27 10:44:00,Commerzbank rises as Germany's No. 2 lender returns to DAX index
2023-02-27 08:51:30,European stocks higher; positive start to week ahead of inflation data
2023-02-24 08:37:32,European stocks edge higher; consumer confidence starting to return
2023-02-23 09:10:27,European stocks mixed; earnings flood in ahead of Eurozone CPI release
2023-02-23 07:25:33,European stock futures edge higher; final Eurozone CPI read due
2023-02-22 10:35:41,New year rally in European stocks to run out of steam: Reuters Poll
2023-02-22 08:58:15,European stocks lower; German inflation remains high ahead of Fed minutes
2023-02-21 09:38:39,European stocks slip after disappointing Eurozone manufacturing PMI data
2023-02-20 08:45:48,"European stocks edge higher; Eurozone PMI, inflation data in focus"
2023-02-17 21:42:02,"In comeback, Commerzbank to join Germany's DAX blue-chip index"
2023-02-17 08:54:42,European stocks slump; hawkish central bank talk weighs
2023-02-16 08:45:33,"Commerzbank sees 2023 profit 'well above' 2022 despite challenges, shares surge"
2023-02-16 08:37:54,European stocks higher; positive corporate earnings boost sentiment
2023-02-16 05:41:53,Analysis-Germany's oldest companies face fresh break-up calls
2023-02-15 08:36:40,European stocks mixed; Barclays reports slump in profit
2023-02-14 09:00:42,European stocks edge higher; U.K. jobs data helps ahead of U.S. CPI
2023-02-13 16:26:48,'Day of pain': Wirecard boss denies charges in massive fraud trial
2023-02-13 08:58:04,European stocks edge higher; U.S. inflation data in focus
2023-02-10 08:40:55,European stocks fall; slowdown fears grow despite U.K. avoiding recession
2023-02-09 17:12:32,European shares gain as upbeat earnings ease recession fears
2023-02-09 13:28:35,Siemens closes in on all-time high after guidance upgrade
2023-02-09 09:11:57,European stocks higher; German consumer price increases slow
2023-02-08 08:54:29,European stocks higher; corporate earnings in focus
2023-02-07 08:50:46,European stocks mixed; German industrial production weighs while BP shines
2023-02-06 17:11:09,European shares fall as strong U.S. data stokes rate hike jitters
2023-02-06 08:56:39,European stocks lower; sentiment weak despite strong German factory orders
2023-02-03 09:21:21,European stocks edge mostly lower ahead of key U.S. labor market data
2023-02-02 17:30:52,Euro zone shares hit near one-year high on hopes of rate hike pause
2023-02-02 09:19:22,"European shares rise amid Powell inflation comments, ECB and BoE rate decisions"
2023-02-01 09:10:14,European shares hover near flatline ahead of key Fed decision
2023-01-31 17:07:46,European shares end lower but log biggest January gain in eight years
2023-01-31 09:27:46,"European stocks lose ground as traders weigh Fed decision, Eurozone growth data"
2023-01-30 17:06:58,Europe stocks slip as hot Spanish inflation data fans rate hike concerns
2023-01-30 09:08:56,European stocks edge lower as key Federal Reserve rate decision looms
2023-01-28 17:20:57,Rheinmetall moving towards order backlog of 30 billion euros - CEO
2023-01-27 09:02:37,European stocks edge higher ahead of fresh U.S. inflation data
2023-01-26 08:45:08,European stocks steady ahead of key U.S. growth data
2023-01-25 08:53:06,"European stocks muted amid corporate earnings, German economic data"
2023-01-24 08:24:45,"European shares choppy with Fed rate path, Eurozone PMI data in focus"
2023-01-23 08:18:31,"European shares inch higher ahead of ECB speeches, Eurozone data this week"
2023-01-20 17:25:49,European stocks end lacklustre week higher
2023-01-20 09:05:20,European stocks edge higher; Ericsson slumps on weak 5G sales
2023-01-20 07:07:55,"European stock futures edge higher; German PPI, U.K. retail sales in focus"
2023-01-19 09:07:58,European stocks lower on recession fears; Boohoo slumps
2023-01-18 08:50:12,European stocks largely unchanged; U.K. CPI remained elevated
2023-01-17 09:15:07,European stocks slip; Ocado struggles with in-store shopping return
2023-01-16 08:30:58,European stocks higher; German inflation data offers hope
2023-01-16 06:59:25,"European stock futures mixed; German ZEW sentiment data, BOJ, Davos in focus"
2023-01-13 08:48:36,European stocks higher; U.K. GDP surprises to the upside
2023-01-12 08:35:50,European stocks higher; ASOS soars despite revenue drop
2023-01-11 08:59:00,European stocks edge higher; retail sector in focus as earnings season starts
2023-01-10 09:04:03,European stocks lower; caution ahead of Powell speech
2023-01-09 17:16:07,"European shares rise on China reopening optimism, tech stocks lead gains"
2023-01-09 08:43:05,European stocks edge higher; German industrial production impresses
2023-01-06 22:01:49,"World stocks soar, investors pare rate bets after US jobs data"
2023-01-06 08:47:13,"European stocks mixed; German factory orders weigh ahead of Eurozone CPI, payrolls"
2023-01-05 08:52:12,European stocks mixed; Eurozone factory prices in spotlight
2023-01-05 07:03:14,European stock futures edge lower; Eurozone PPI in focus
2023-01-04 09:35:46,"European stocks higher; inflation, PMI data help tone"
2023-01-03 09:28:47,European stocks soar; falling German inflation helps tone
2023-01-03 09:04:16,Brenntag surges after ending talks with Univar
2023-01-02 17:05:38,European shares start 2023 on upbeat note on encouraging factory data
2022-12-30 08:25:43,"European stocks lower, ending a brutal year on a weak note"
2022-12-29 08:26:28,European stocks lower; sentiment hit by China's COVID woes
2022-12-28 08:29:06,"European stocks mixed; COVID restrictions, economic headwinds in focus"
2022-12-27 10:32:33,European stock markets trade higher to start holiday week trading
2022-12-23 08:46:03,European stocks edge higher; trading thin ahead of holiday break
2022-12-22 09:03:11,European stocks higher; sentiment positive despite weak U.K. GDP data
2022-12-21 17:26:17,European shares post best day in nearly 6 weeks as upbeat Nike results lift retailers
2022-12-21 08:37:44,European stocks edge higher; German sentiment improves as year nears end
2022-12-20 17:18:28,European shares slip as BOJ's policy shift dents risk appetite
2022-12-20 08:52:03,European stocks lower after BOJ's change of stance; German PPI falls
2022-12-19 14:40:21,Porsche shares climb after sportscar maker enters blue-chip German index
2022-12-19 14:05:44,Wirecard witness admits guilt but pins German fraud blame on ex-CEO
2022-12-19 08:42:04,European stocks higher; German Ifo set to show improvement
2022-12-19 06:58:32,European stock futures edge higher; German Ifo index due
2022-12-16 11:22:48,How to trade today in the most tense and volatile 'quadruple witching hour' of the year
2022-12-16 10:45:51,Powell-Lagarde tandem knocks down the market: Watch out for what's next
2022-12-16 08:57:28,European stocks fall on raised recession fears; U.K. retail sales disappoint
2022-12-15 11:01:02,Powell sends markets into the red: Watch out for the 'bazooka' expected by experts
2022-12-15 09:09:14,"European stocks weaken; ECB, BoE loom after hawkish Fed  message"
2022-12-14 12:51:15,"Abrdn: ""This mix...will push the world economy over the cliff"""
2022-12-14 11:43:24,Stock markets in the red: Here's why the Fed could cool the market today
2022-12-14 08:55:26,European stocks lower on caution ahead of Fed meeting; Tui slumps
2022-12-13 10:51:30,U.S. CPI Preview: How it may affect the S&P 500 and what experts expect
2022-12-13 08:47:01,European stocks largely flat ahead of crucial U.S. CPI Release
2022-12-12 15:26:12,Former Wirecard boss' lawyer says prosecutors got the wrong man
2022-12-12 09:01:56,European stocks weaken; caution ahead of central bank meetings
2022-12-09 09:21:22,Fed and ECB in focus: Could there be surprises? Keep an eye on the betting pools
2022-12-09 08:59:47,European stocks edge lower; Credit Suisse gains ahead of U.S. PPI data
2022-12-09 07:02:24,European stock futures edge higher; U.S. PPI in focus
2022-12-08 20:27:02,Wirecard bosses' fraud trial begins after scandal that rocked Germany
2022-12-08 09:15:04,European stocks largely flat; investors wary ahead of central bank meetings
2022-12-07 08:51:54,European stocks mixed; recession concerns clash with China reopening
2022-12-07 08:04:49,Storm ahead in 2023? 10 tips to get the most out of your investment
2022-12-06 08:56:20,European stocks largely flat; German industrial orders impress
2022-12-06 08:39:54,Porsche up  on DAX promotion; Puma shrugs off exclusion
2022-12-06 06:56:47,European stock futures edge lower; risk-off sentiment prevails
2022-12-06 06:11:54,Wirecard in the dock as Germany's biggest fraud trial starts
2022-12-06 06:11:14,The rise and fall of Wirecard
2022-12-05 22:06:05,Porsche will join Germany's blue-chip index - Deutsche Boerse
2022-12-05 08:48:17,"European stocks largely lower, Eurozone PMIs in focus"
2022-12-02 10:37:32,ECB: Will it slow down rate hikes like the Fed? This is what the experts say
2022-12-02 08:58:07,European stocks edge lower; gloomy data weighs ahead of U.S. payrolls
2022-12-01 11:44:23,"Beware of 'fine print' in Powell's message, experts warn"
2022-12-01 08:58:58,"European stocks higher; Powell speech, German retail sales in focus"
2022-11-30 08:51:58,European stocks higher; Eurozone CPI data looms large
2022-11-29 08:47:39,Will we have a Christmas rally this year? Here's what the experts have to say
2022-11-29 08:42:26,European stocks higher on Chinese COVID reopening hopes
2022-11-29 02:16:19,Rates and recession: European shares face rocky start to 2023: Reuters Poll
2022-11-28 11:58:36,Univar leaps on Brenntag takeover speculation
2022-11-28 08:43:30,European stocks lower; Brenntag slumps over acquisition talk
2022-11-25 08:29:35,European stocks largely unchanged; German GDP shows slight improvement
2022-11-24 08:41:21,European stocks mixed; Jet2 soars ahead of German Ifo release
2022-11-23 08:54:36,"European stocks mixed; PMI data, Fed minutes in focus"
2022-11-22 08:37:49,European stocks mixed; OECD report to detail economic weakness
2022-11-21 08:55:16,European stocks lower; German PPI unlikely to stop ECB  hike
2022-11-17 17:31:40,Miners drag Europe's STOXX 600 lower; German shares rise after Siemens' profit beat
2022-11-17 08:35:02,Siemens upbeat about coming year
2022-11-16 08:55:53,"European stocks mixed; investors digest missile strike, UK CPI, corporate earnings"
2022-11-15 08:50:33,"European stocks edge higher; inflation data, Vodafone in focus"
2022-11-14 15:50:40,"Germany's DAX index returns to bull market, rising 20% from September lows"
2022-11-14 08:53:34,European stocks higher; global confidence remains strong
2022-11-11 08:48:47,European stocks higher; buoyant tone despite U.K. GDP fall
2022-11-11 07:09:43,European stock futures rise; U.K. growth contracts in third quarter
2022-11-10 08:54:03,European stocks edge lower; earnings season in full flow
2022-11-09 08:53:55,European stocks edge lower; U.S. political uncertainty  weighs
2022-11-08 10:47:40,Nasdaq could rebound soon as bearish positioning nears 3-year highs - Citi
2022-11-08 08:58:42,"European stocks largely lower; corporate earnings, U.S. midterms in focus"
2022-11-07 09:23:33,European Stocks Edge Higher; German Industrial Production Impresses
2022-10-28 16:20:42,"European shares close higher, tracking Wall Street gains"
2022-10-28 12:20:52,Volkswagen says supply jams here to stay as earnings stagnate
2022-10-28 07:41:05,European Stocks Lower; Volkswagen Slumps After Third-Quarter Earnings
2022-10-27 20:51:57,"Wall Street mixed, European shares end nearly flat; sterling, euro fall"
2022-10-27 08:06:21,"European Stocks Mixed; Credit Suisse Slumps, But Shell Helps U.K. Outperform"
2022-10-26 08:04:05,European Stocks Edge Higher; Corporate Earnings Season in Full Swing
2022-10-25 07:55:20,European Markets Edge Higher Amid Hopes for Central Bank Policy Softening
2022-10-25 05:43:58,"European Stock Futures Edge Higher; UBS, HSBC Release Earnings"
2022-10-24 07:54:57,"European Stocks Mixed; ECB, Bank Earnings, New U.K. Leader Eyed"
2022-10-21 07:53:38,European Stocks Lower; Adidas Cuts Full-Year Outlook
2022-10-20 07:47:57,"European Stocks Mixed; German PPI Disappoints, Ericsson Slumps"
2022-10-19 07:57:57,European Stocks Largely Flat; Hot U.K. Inflation Negates Corporate Confidence
2022-10-18 07:38:32,European Stocks Higher After U.K. Tax Reversal; Publicis Shines
2022-10-17 07:41:21,European Stocks Edge Higher; U.K. Outperforms Ahead of Fiscal Update
2022-10-14 21:11:38,Bayer to challenge $275 million U.S. jury verdict over PCB injury claims
2022-10-14 07:48:45,European Stocks Higher; Potential U.K. Fiscal U-Turn Boosts Sentiment
2022-10-13 07:41:34,European Stocks Largely Lower; German Inflation Elevated Ahead of U.S. CPI Release
2022-10-12 08:50:41,"Europe Stocks Head Lower on BoE Confusion, Philips Guidance Cut"
2022-10-11 08:02:17,"Europe Stocks Head Lower Early as BoE, Russian Attacks Keep Mood Grim"
2022-10-10 08:20:40,"European Shares Open Week Lower Amid Ukraine Tensions, Rate Hike Possibilities"
2022-10-07 14:00:07,Zetrix and MIMOS Sign MOU For Malaysia’s Public Blockchain Infra
2022-10-07 07:58:29,European Shares Rise After Opening Lower as Key U.S. Jobs Data Looms
2022-10-06 07:39:47,"European Shares Falter as Traders Eye U.S. Jobs Data, OPEC+ Output Cut"
2022-10-05 07:59:06,"European Shares Edge Lower After Stocks Climb in U.S., Asia"
2022-10-04 07:44:29,European Stocks Higher; Eurozone PPI Data Due
2022-10-03 07:24:17,"European Stocks Lower; U.K. Tax U-Turn, Credit Suisse Woes in Focus"
2022-09-30 07:44:17,European Stocks Higher; Surprise U.K. Growth Helps Mood
2022-09-29 11:36:17,Almost Half of Porsche IPO Bids Miss Out on High Demand
2022-09-29 07:47:19,European Stocks Sharply Lower; German State Inflation Weighs
2022-09-28 07:32:09,European Stocks Sharply Lower; German GfK Sentiment Falls to Record Low
2022-09-27 07:44:32,European Stocks Higher; Sentiment Remains Weak
2022-09-26 08:04:58,European Stocks Edge Higher; Italian Stocks Soar After Election
2022-09-23 16:22:20,European shares routed as recession worries heighten
2022-09-23 11:11:48,Marketmind: Keep on going
2022-09-23 07:40:58,European Stocks Lower; Macroeconomic Outlook Looks Bleak
2022-09-22 07:31:35,"European Stocks Sharply Lower; BOE, SNB Set to Follow Fed's Lead"
2022-09-21 16:06:23,European shares recover from geopolitical shock ahead of big Fed move
2022-09-21 07:54:40,European Stocks Mainly Lower; Russia Mobilizes Reserve Force
2022-09-20 07:58:10,European Stocks Higher;  German Producer Prices Soar to Record Levels
2022-09-19 16:27:39,European shares flat with all eyes on central bank moves
2022-09-19 07:47:16,European Stocks Lower; Caution Ahead of Federal Reserve Meeting
2022-09-16 07:50:25,European Stocks Sharply Lower; U.K. Retail Sales Slump
2022-09-15 07:35:28,European Stocks Edge Higher; H&M Quarterly Sales Disappoint
2022-09-14 07:46:39,European Stocks Lower; Inditex Soars After Strong Quarter
2022-09-13 08:19:18,European Stocks Higher; M&A Talk Helps Sentiment
2022-09-09 08:07:20,European Stocks Higher; EU Energy Summit Looms Large
2022-09-08 07:29:51,European Stocks Higher Ahead of ECB Meeting; AB Foods Slumps
2022-09-07 07:51:58,European Stocks Lower; German Industrial Output Adds to Recession Fears
2022-09-06 16:10:40,European shares find footing after rough start to week
2022-09-06 13:57:32,Siemens Energy Shares Rise After Group Readded to DAX Index
2022-09-06 07:42:06,European Stocks Higher; German Factory Orders Slump in July
2022-09-06 05:55:58,European Stock Futures Largely Unchanged; German Factory Orders Drop
2022-09-05 22:51:56,"More shelling raises nuclear fears as Kyiv, Moscow await UN report"
2022-09-05 14:45:43,European stocks fall after gas pipeline shutdown
2022-09-05 10:00:58,"Europe Energy, OPEC+ Meeting, Truss Triumph - What's Moving Markets"
2022-09-05 07:53:19,European Stocks Slump on Renewed Energy Supply Worries
2022-09-05 07:52:55,European Gas Prices Leap at Open After Russia Shuts Nord Stream Pipeline
2022-09-02 08:02:19,European Stocks Higher; Likely Russian Gas Resumption Helps
2022-09-01 08:02:53,European Stocks Sharply Lower; German Retail Sales Fail to Lift Gloom
2022-08-31 07:51:54,European Stocks Edge Lower; French Consumer Spending Slumps
2022-08-30 16:17:03,"European stocks fall for third day as rate hike, recession fears grow"
2022-08-30 07:37:37,European Stocks Higher; Uniper Exhausts Credit Line
2022-08-29 09:05:04,"European Shares Slump, Bond Yields Rise as Traders Digest Hawkish Powell Comments"
2022-08-26 08:00:05,European Stocks Higher; Powell Speech to Dominate Markets
2022-08-25 07:50:38,European Stocks Higher; German GDP Surprise Helps Tone
2022-08-24 12:21:08,"European recovery set to stall, outlook cautious - Reuters poll"
2022-08-24 08:18:49,European Stocks Edge Lower; Jackson Hole Worries Weigh
2022-08-23 08:03:42,European Stocks Mixed; PMI Data Point to Future Weakness
2022-08-23 05:56:43,"European Stock Futures Lower; Gas Prices, Economic Concerns Rise"
2022-08-22 23:00:18,FCA highlights limited role as unregistered businesses continue to operate
2022-08-19 07:58:15,European Stocks Largely Lower; Joules Group Slumps
2022-08-18 07:55:14,European Stocks Mixed; Caution Ahead of Eurozone CPI Release
2022-08-17 15:02:22,Crypto Flipsider News – Market Update; Celsius Sells BTC; Crypto.com FCA License; Coinbase’s New Lawsuit; SEC Sues Dragonchain
2022-08-17 07:38:55,European Stocks Edge Higher; Eurozone GDP Data Due
2022-08-16 07:36:01,European Stocks Edge Higher; BHP Soars After Bumper Profits
2022-08-15 09:54:40,HelloFresh Hits 4-Week High After Solid 2Q
2022-08-15 08:15:35,European Stocks Edge Higher; Weak Chinese Data Hits Sentiment
2022-08-12 07:54:51,European Stocks Edge Higher; U.K. GDP Falls By Less Than Expected
2022-08-11 07:50:36,European Shares Rise After Soft U.S. Inflation Data
2022-08-10 07:27:45,European Markets Move Lower as Key U.S. Inflation Data Looms
2022-08-09 11:48:35,"Continental AG Earnings Miss, Revenue Beats In Q2"
2022-08-09 07:38:32,European Stocks Edge Lower; Caution Ahead of Crucial U.S. CPI Release
2022-08-08 07:43:05,European Stocks Higher; M&A Deals Help Positive Mood
2022-08-05 16:26:00,Allianz shells out 140 million euros to shut U.S. fund unit after fraud
2022-08-05 07:53:40,European Stocks Mixed; WPP Weighs on U.K. Market
2022-08-05 04:46:35,"Merck Earnings Miss, Revenue Beats In Q2"
2022-08-04 16:05:57,European shares edge higher on earnings lift; growth fears persist
2022-08-04 10:17:39,"ING Groep Earnings, Revenue Beat in Q2"
2022-08-04 08:31:06,"Adidas, Zalando Bounce After Meeting Lowered Expectations"
2022-08-04 07:50:55,"European Stocks Higher; Corporate Earnings, German Factory Orders Help"
2022-08-03 09:33:32,"Infineon Earnings, Revenue Beat in Q3"
2022-08-03 08:02:46,European Stocks Lower; BMW Bucks Positive Corporate Earnings Trend
2022-08-02 15:15:44,"Fresenius Medical Care Earnings Miss, Revenue Beats In Q2"
2022-08-02 07:38:25,European Stocks Lower on Geopolitical Worries; BP Shines
2022-08-01 16:06:29,"Energy stocks drag European shares lower, reversing earlier gains"
2022-08-01 08:05:20,European Stocks Edge Higher; HSBC Earnings Help Mood
2022-08-01 06:03:10,"European Stock Futures Lower; Asian PMI Data, German Retail Sales Weigh"
2022-07-29 08:14:21,European Markets Rise Ahead of Key Eurozone Q2 GDP Data
2022-07-29 04:48:32,"Aixtron Earnings, Revenue Beat in Q2"
2022-07-29 04:45:31,"Heidelbergcement Earnings, Revenue Beat in Q2"
2022-07-28 07:40:03,"European Markets Edge Higher Amid Earnings Parade, Fed Decision Fallout"
2022-07-28 04:26:38,"MTU Aero Earnings, Revenue Beat in Q2"
2022-07-27 07:29:50,"European Stocks Rise Amid Fed Decision Expectations, Earnings Glut"
2022-07-26 07:48:30,European Stocks Edge Lower as UBS Disappoints and Fed Meeting Looms
2022-07-25 08:42:40,European Shares Hold Steady as Fed Decision Looms
2022-07-22 08:13:29,European Stocks Edge Higher;  German Manufacturing PMI  Weakens Sharply
2022-07-21 08:10:53,European Stocks Lower; Italian Political Crisis Weighs
2022-07-20 07:49:33,"European Stocks Higher; ECB Meeting, Russia Gas Flows in Focus"
2022-07-19 17:15:03,Germany stocks higher at close of trade; DAX up 2.69%
2022-07-19 08:01:03,European Stocks Lower; EDF Soars as French Government Seeks to Take Control
2022-07-18 17:15:02,Germany stocks mixed at close of trade; DAX up 0.74%
2022-07-18 07:25:34,"European Stocks Higher; ECB Meeting, Nord Stream Pipeline in Focus"
2022-07-15 17:15:04,Germany stocks higher at close of trade; DAX up 2.76%
2022-07-15 08:13:03,European Stocks Higher; Aston Martin Soars on Funding Deal
2022-07-15 05:57:59,"European Stock Futures Edge Higher; China's GDP, Italian Politics in Focus"
2022-07-14 17:15:03,Germany stocks lower at close of trade; DAX down 1.86%
2022-07-14 07:51:58,European Stocks Lower; Ericsson Slumps on 5G Costs
2022-07-13 21:01:32,"Wall Street gulps as U.S. inflation tops 9%, euro pierces parity"
2022-07-13 17:15:03,Germany stocks lower at close of trade; DAX down 1.16%
2022-07-13 07:57:36,European Stocks Lower; Strong U.K. GDP Fails to Lift Sentiment
2022-07-12 17:15:03,Germany stocks mixed at close of trade; DAX up 0.57%
2022-07-12 08:31:46,BASF Outperforms After Bumper 2Q But Can't Shake Energy Crisis Blues
2022-07-12 07:42:06,European Stocks Lower; Ongoing Energy Crisis Hits Sentiment
2022-07-12 06:02:14,European Stock Futures Lower; U.S. Inflation Release Looms Large
2022-07-11 17:15:04,Germany stocks lower at close of trade; DAX down 1.40%
2022-07-11 07:38:32,"European Stocks Sharply Lower; Gas Pipeline, Inflation Worries Weigh"
2022-07-08 17:15:03,Germany stocks higher at close of trade; DAX up 1.34%
2022-07-08 07:42:39,European Stocks Edge Lower; Caution Ahead of Lagarde and Payrolls
2022-07-07 17:15:03,Germany stocks higher at close of trade; DAX up 1.97%
2022-07-07 07:42:00,European Stocks Higher; Sentiment Improves Ahead of ECB Minutes
2022-07-07 06:05:24,European Stock Futures Higher; ECB Minutes Loom Large
2022-07-06 17:15:03,Germany stocks higher at close of trade; DAX up 1.56%
2022-07-06 08:19:46,European Stocks Higher; Improving German Factory  Orders Help Sentiment
2022-07-06 05:58:29,European Stock Futures Higher; German Factory Orders Rise
2022-07-05 17:15:05,Germany stocks lower at close of trade; DAX down 2.91%
2022-07-05 08:05:49,European Stocks Drop; Economic Activity Concerns Weigh
2022-07-04 17:15:03,Germany stocks lower at close of trade; DAX down 0.31%
2022-07-04 07:52:38,European Stocks Largely Higher; DAX Underperforms After Trade Deficit
2022-07-01 17:15:03,Germany stocks higher at close of trade; DAX up 0.23%
2022-07-01 07:48:15,European Stocks Weaken; Micron's Outlook Weighs on Semiconductors
2022-06-30 17:15:04,Germany stocks lower at close of trade; DAX down 1.69%
2022-06-30 07:41:37,European Stocks Drop Sharply; French Inflation Hits Record High
2022-06-30 05:50:47,European Stock Futures Lower; German Retail Sales  in Focus
2022-06-29 17:15:04,Germany stocks lower at close of trade; DAX down 1.73%
2022-06-29 07:46:17,European Stocks Lower; German State Inflation Data Fails to Cheer
2022-06-28 17:15:03,Germany stocks mixed at close of trade; DAX up 0.35%
2022-06-28 07:32:46,European Markets Rise Following Sentiment Boost in Asia
2022-06-27 17:15:03,Germany stocks higher at close of trade; DAX up 0.52%
2022-06-24 17:15:04,Germany stocks higher at close of trade; DAX up 1.59%
2022-06-24 08:30:10,European Markets Move Higher as Growth Fears Remain
2022-06-24 07:05:53,"Marketmind - ""Alarm stage"": this is not a drill"
2022-06-23 17:15:03,Germany stocks lower at close of trade; DAX down 1.76%
2022-06-23 16:18:54,"European stocks skid on gloomy business activity data, German energy troubles"
2022-06-23 07:54:49,"European Stocks Lower; PMI Data, Powell's Testimony Weigh"
2022-06-22 17:15:04,Germany stocks mixed at close of trade; DAX down 1.11%
2022-06-22 16:36:17,European stocks bounce off lowest in more than a year after Powell remarks
2022-06-22 07:44:08,European Stocks Slump; U.K. CPI Adds to Global Inflation Worries
2022-06-21 17:15:03,Germany stocks higher at close of trade; DAX up 0.20%
2022-06-21 07:47:46,European Stocks Higher; Ocado Slips on Discounted Share Sale
2022-06-20 17:15:03,Germany stocks higher at close of trade; DAX up 1.06%
2022-06-20 11:06:05,Stocks stage small bounce as investors weigh cenbanks' next moves
2022-06-17 17:15:03,Germany stocks higher at close of trade; DAX up 0.67%
2022-06-17 07:44:53,European Stocks Edge Lower; Tesco Warns of Stagnating Sales
2022-06-17 05:51:24,European Stock Futures Mixed; Central Bank Tightening Dominates
2022-06-16 17:15:04,Germany stocks lower at close of trade; DAX down 3.31%
2022-06-16 13:56:24,Stocks and Bonds Tumble After Series of Central Bank Decisions
2022-06-16 07:39:09,"European Stocks Lower; ASOS, Boohoo Slump on Inflationary Pressures"
2022-06-15 17:15:03,Germany stocks higher at close of trade; DAX up 1.36%
2022-06-15 07:51:19,European Stocks Higher; Unscheduled ECB Meeting Boosts Sentiment
2022-06-14 17:15:04,Germany stocks lower at close of trade; DAX down 0.91%
2022-06-14 07:49:37,European Stocks Higher; Atos Slumps After CEO Departure
2022-06-13 17:15:04,Germany stocks lower at close of trade; DAX down 2.43%
2022-06-13 07:49:21,European Stocks Sharply Lower; U.K. GDP Slumps in April
2022-06-10 17:15:03,Germany stocks lower at close of trade; DAX down 3.08%
2022-06-10 07:39:58,European Stocks Lower; Sentiment Hit by ECB Tightening Pledge
2022-06-09 17:15:04,Germany stocks lower at close of trade; DAX down 1.71%
2022-06-09 07:44:19,European Stocks Retreat Ahead of Eagerly Awaited ECB Meeting
2022-06-08 17:15:03,Germany stocks lower at close of trade; DAX down 0.76%
2022-06-08 07:50:08,European Stocks Slip Lower; Credit Suisse Slumps on Warning
2022-06-07 17:15:04,Germany stocks lower at close of trade; DAX down 0.66%
2022-06-07 07:59:02,European Stocks Lower; German Factory Orders Point to Contraction
2022-06-06 07:45:43,European Stocks Higher; ECB Meeting Looms Large
2022-06-03 21:21:11,Food deliverer Delivery Hero drops out of Germany's blue chip index
2022-06-03 17:15:05,Germany stocks lower at close of trade; DAX down 0.17%
2022-06-03 13:52:16,"Credit Suisse looks secure, Sonova could bump SGS in Swiss SMI"
2022-06-03 07:39:57,"European Indices Trade Higher, Seek Two-Week Winning Streak"
2022-06-02 17:15:03,Germany stocks higher at close of trade; DAX up 1.01%
2022-06-01 17:15:03,Germany stocks lower at close of trade; DAX down 0.33%
2022-06-01 16:11:04,European shares slip as weak economic data heightens growth worries
2022-06-01 07:34:27,European Stocks Higher; German Retail Sales Slump
2022-06-01 05:57:00,European Stock Futures Higher; Eurozone Manufacturing PMI Data in Focus
2022-05-31 07:44:50,European Stocks Largely Lower; Concerns Mount Over Eurozone CPI Release
2022-05-30 08:10:50,"European Stocks Higher; China's COVID News, Spanish Inflation in Focus"
2022-05-27 17:15:03,Germany stocks higher at close of trade; DAX up 1.62%
2022-05-27 08:06:22,European Stocks Largely Higher; U.K. Market Underperforms
2022-05-27 05:57:57,European Stock Futures Edge Lower; Caution Ahead of U.S. PCE Data
2022-05-26 17:15:04,Germany stocks higher at close of trade; DAX up 1.59%
2022-05-26 07:55:04,European Stocks Higher; BT Group Struggles Over Investment Worries
2022-05-25 17:15:03,Germany stocks mixed at close of trade; DAX up 0.63%
2022-05-25 08:28:13,Europe Stocks Bounce After Dipping on Recession Fears; Ocado Slumps as M&S Warns
2022-05-25 02:21:12,European shares seen holding near current levels through 2022 - Reuters poll
2022-05-24 17:15:04,Germany stocks lower at close of trade; DAX down 1.80%
2022-05-24 08:17:44,Europe Stocks Fall on Reminders of Global Risks; Flash Eurozone PMI Falls
2022-05-23 17:15:03,Germany stocks higher at close of trade; DAX up 1.38%
2022-05-23 08:08:05,European Stocks Higher; German Ifo Offers Positive Surprises
2022-05-20 17:15:03,Germany stocks higher at close of trade; DAX up 0.72%
2022-05-20 08:07:46,"European Stocks Higher; China Rate Cut, UK Retail Sales Help"
2022-05-19 17:15:03,Germany stocks mixed at close of trade; DAX down 0.90%
2022-05-19 07:47:10,"European Stocks Slump on Inflation, Growth Worries; EasyJet Narrows Loss"
2022-05-18 17:15:03,Germany stocks lower at close of trade; DAX down 1.26%
2022-05-18 08:02:15,European Stocks Edge Lower;  Soaring U.K. Inflation Weighs
2022-05-18 06:04:10,European Stock Futures Edge Higher; U.K. Inflation Hits 40-Year High
2022-05-17 17:15:04,Germany stocks higher at close of trade; DAX up 1.59%
2022-05-17 07:58:19,"European Stocks Higher; French, U.K. Employment Data Helps Tone"
2022-05-17 06:00:38,European Stock Futures Higher; Eurozone Growth Data Due
2022-05-16 17:15:04,Germany stocks mixed at close of trade; DAX down 0.45%
2022-05-16 07:39:39,European Stocks Lower; Global Growth Concerns Weigh
2022-05-13 17:15:04,Germany stocks higher at close of trade; DAX up 2.10%
2022-05-13 08:09:47,European Stocks Higher; Week Ends With Bargain Hunting
2022-05-12 17:15:04,Germany stocks lower at close of trade; DAX down 0.64%
2022-05-12 12:24:44,"COPEL Pref ADR Earnings, Revenue Beat in Q1"
2022-05-12 12:21:47,"RWE AG ST Earnings, Revenue Beat in Q1"
2022-05-12 08:21:55,"European Stocks Drop Sharply on Inflation, Growth Concerns"
2022-05-11 17:15:04,Germany stocks higher at close of trade; DAX up 2.17%
2022-05-11 09:56:08,Allianz sets aside another $2 billion over fund debacle
2022-05-11 07:50:03,European Stocks Higher; Thyssenkrupp Shines With 1Q Earnings
2022-05-11 07:16:25,Allianz Rises After Booking 'Final' 1.9 Bln Euro Hit for Structured Alpha Fiasco
2022-05-10 17:15:04,Germany stocks higher at close of trade; DAX up 1.15%
2022-05-10 08:07:41,European Stocks Higher; Positive Corporate News Helps Sentiment
2022-05-10 07:55:56,"Bayer Earnings, Revenue Beat in Q1"
2022-05-10 07:13:31,Bayer Reports Strong 1Q; Crop Science Thrives as Grains Prices Soar
2022-05-10 05:57:46,European Stock Futures Edge Higher; Sentiment Weak on Recession Fears
2022-05-09 17:15:04,Germany stocks lower at close of trade; DAX down 2.15%
2022-05-09 08:19:12,European Stocks Lower; Russia Tensions Heightened
2022-05-09 06:02:22,European Stock Futures Lower; Growth Worries Weigh
2022-05-06 17:15:04,Germany stocks lower at close of trade; DAX down 1.64%
2022-05-06 10:08:45,"Credit Agricole Earnings Miss, Revenue Beats In Q1"
2022-05-06 07:57:26,European Stocks Weaken; IAG Posts Another Hefty Loss
2022-05-05 17:15:04,Germany stocks mixed at close of trade; DAX down 0.49%
2022-05-05 16:06:54,"BMW ST Earnings Beat, Revenue Misses In Q1"
2022-05-05 07:41:05,European Stocks Surge Higher; Shell Posts Record First Quarter Profit
2022-05-04 17:15:04,Germany stocks lower at close of trade; DAX down 0.49%
2022-05-04 08:04:34,"Volkswagen Reports ""Strong"" 1Q, Upholds 2022 Guidance"
2022-05-04 07:53:24,European Stocks Edge Lower; New EU  Sanctions Target Russian Oil
2022-05-03 17:15:05,Germany stocks higher at close of trade; DAX up 0.72%
2022-05-03 07:53:35,European Stocks Largely Higher; BP Raises Buyback Despite Russia Loss
2022-05-02 17:15:04,Germany stocks lower at close of trade; DAX down 1.13%
2022-04-30 20:10:02,"MTU Aero Earnings, Revenue Beat in Q1"
2022-04-29 17:15:04,Germany stocks mixed at close of trade; DAX up 0.84%
2022-04-29 12:10:54,"BASF Earnings, Revenue Beat in Q1"
2022-04-28 17:15:04,Germany stocks higher at close of trade; DAX up 1.35%
2022-04-28 07:59:26,European Stocks Higher; Corporate Results Boost Sentiment
2022-04-28 04:46:46,"Deutsche Bank AG Earnings Miss, Revenue Beats In Q1"
2022-04-27 21:06:15,"U.S., European shares advance as euro dives to lowest since 2017"
2022-04-27 17:15:04,Germany stocks higher at close of trade; DAX up 0.27%
2022-04-27 08:11:35,"STMicroelectronics Earnings, Revenue Beat in Q1"
2022-04-27 08:04:20,"European Stocks Lower; Russian Gas Move, Bank Earnings in Focus"
2022-04-27 05:57:26,"European Stock Futures Lower; Russia Stops Gas to Poland, Bulgaria"
2022-04-26 22:08:13,"Ashland Global Earnings, Revenue Beat in Q2"
2022-04-26 22:05:49,"Qiagen Earnings, Revenue Beat in Q1"
2022-04-26 17:15:05,Germany stocks lower at close of trade; DAX down 1.20%
2022-04-26 07:55:18,"European Stocks Higher; UBS Shines, HSBC Weakens After Quarterly Results"
2022-04-25 17:15:04,Germany stocks lower at close of trade; DAX down 1.54%
2022-04-25 08:34:31,German Business Confidence Rose Surprisingly In April
2022-04-25 07:53:12,European Stocks Drop Sharply; Growth Fears Overshadow Macron Poll Win
2022-04-22 17:15:04,Germany stocks lower at close of trade; DAX down 2.48%
2022-04-22 09:00:39,"SAP Earnings Miss, Revenue Beats In Q1"
2022-04-22 07:57:07,European Stocks Lower; Central Bank Tightening Worries Weigh
2022-04-21 17:15:04,Germany stocks higher at close of trade; DAX up 0.98%
2022-04-21 07:49:45,European Stocks Largely Edge Higher; G7 Looks to Support Ukraine
2022-04-20 17:15:04,Germany stocks higher at close of trade; DAX up 1.47%
2022-04-20 07:57:48,"European Stocks Edge Higher; Ukraine War, French Election Debate  in Spotlight"
2022-04-19 17:15:04,Germany stocks mixed at close of trade; DAX down 0.07%
2022-04-19 08:04:21,European Stocks Lower; Russia Intensifies Assault in Eastern Ukraine
2022-04-14 17:15:03,Germany stocks higher at close of trade; DAX up 0.62%
2022-04-14 09:49:08,"Volkswagen Falls After March Deliveries Slump, Hedges Turn Sour"
2022-04-14 07:31:22,"European Stocks Mixed; ECB Meeting, Ericsson Woes in Focus"
2022-04-13 17:15:04,Germany stocks mixed at close of trade; DAX down 0.34%
2022-04-13 07:46:09,"European Stocks Mixed; Inflation Concerns, Tesco Woes in Focus"
2022-04-12 17:15:03,Germany stocks lower at close of trade; DAX down 0.48%
2022-04-12 07:39:47,European Stocks Lower; German CPI Puts Focus on ECB Meeting
2022-04-11 17:15:04,Germany stocks lower at close of trade; DAX down 0.64%
2022-04-11 16:05:53,"European shares slip on tech selloff, French election jitters"
2022-04-11 07:38:58,European Stocks Mixed; CAC 40 Outperforms After Macron Poll Win
2022-04-08 17:15:04,Germany stocks mixed at close of trade; DAX up 1.46%
2022-04-08 07:48:37,European Stocks Higher; Ending a Turbulent Week on Positive Note
2022-04-08 06:00:44,European Stock Futures Edge Higher; Turbulent Week Draws to a Close
2022-04-07 17:15:04,Germany stocks lower at close of trade; DAX down 0.52%
2022-04-07 07:41:02,European Stocks Largely Higher; Hefty Shell Writedown Weighs on FTSE 100
2022-04-07 06:11:11,Analysis-Guns and power: Positioning for new era in European stocks
2022-04-07 05:56:59,European Stock Futures Lower; Fed Minutes Point to Aggressive Tightening
2022-04-06 17:15:04,Germany stocks lower at close of trade; DAX down 1.89%
2022-04-06 13:32:06,Wirecard investors target EY parent for 1.5 billion euros in compensation
2022-04-06 07:37:46,"European Stocks Lower; More Russian Sanctions, Aggressive Fed Weigh"
2022-04-05 17:15:04,Germany stocks mixed at close of trade; DAX down 0.65%
2022-04-05 07:39:00,European Stocks Mixed; Focus on Potential New Russian Sanctions
2022-04-04 17:15:04,Germany stocks higher at close of trade; DAX up 0.50%
2022-04-04 07:25:14,European Stocks Largely Lower; Talk of Fresh Russian Sanctions Weighs
2022-04-01 17:15:04,Germany stocks higher at close of trade; DAX up 0.22%
2022-04-01 07:37:39,"European Stocks Mixed; Peace Talks, Gas Spat, Eurozone CPI in Focus"
2022-03-31 17:15:04,Germany stocks lower at close of trade; DAX down 1.31%
2022-03-31 07:41:12,European Stocks Higher; New Ukraine Peace Talks Likely
2022-03-31 05:58:00,European Stock Futures Largely Flat; Oil Prices Slump on Reserves Release Talk
2022-03-30 17:15:04,Germany stocks lower at close of trade; DAX down 1.45%
2022-03-30 07:54:49,European Stocks Largely Lower on Peace Talks Skepticism
2022-03-30 06:04:48,European Stock Futures Largely Lower; Caution Over Ukraine Peace Talks
2022-03-29 17:15:04,Germany stocks higher at close of trade; DAX up 2.79%
2022-03-29 08:09:03,European Stocks Higher; Ukraine/Russia Peace Talks Boost Sentiment
2022-03-28 17:15:04,Germany stocks higher at close of trade; DAX up 0.78%
2022-03-28 07:35:38,European Stocks Higher; Ted Baker Rejects Takeover Proposals
2022-03-25 18:15:05,Germany stocks mixed at close of trade; DAX up 0.22%
2022-03-25 09:13:07,European Stocks Mixed; Cautious Trading With Biden in Europe
2022-03-24 18:15:04,Germany stocks lower at close of trade; DAX down 0.07%
2022-03-23 18:15:04,Germany stocks lower at close of trade; DAX down 1.31%
2022-03-23 08:50:29,European Stocks Edge Higher; Biden Set for Talks in Europe
2022-03-22 18:15:04,Germany stocks higher at close of trade; DAX up 1.02%
2022-03-22 10:46:00,"Boardrooms with more women deliver more on climate, says Arabesque"
2022-03-22 08:46:20,European shares muted in choppy trade (March 21)
2022-03-21 18:15:05,Germany stocks mixed at close of trade; DAX down 0.60%
2022-03-21 08:53:44,European Stocks Mixed; FTSE 100 Outperforms as Crude Gains
2022-03-18 18:15:04,Germany stocks higher at close of trade; DAX up 0.17%
2022-03-17 18:15:04,Germany stocks mixed at close of trade; DAX down 0.36%
2022-03-17 07:53:11,Europe Stocks Open Slightly Higher as Post-Fed Rally Fades; BoE Meeting Eyed
2022-03-16 18:15:03,Germany stocks higher at close of trade; DAX up 3.76%
2022-03-15 18:15:04,Germany stocks lower at close of trade; DAX down 0.09%
2022-03-15 08:19:09,"Europe Stocks Open Lower as Wider Sanctions, Covid Rebound Hit Mood"
2022-03-14 18:15:05,Germany stocks higher at close of trade; DAX up 2.21%
2022-03-14 09:10:39,"European Stocks Higher; Caution Ahead of Central Bank Meetings, Covid Surge"
2022-03-11 18:15:03,Germany stocks higher at close of trade; DAX up 1.38%
2022-03-11 17:40:43,European stocks rise as Putin hints at progress in Ukraine talks
2022-03-11 08:54:33,European Stocks Edge Higher; UK Growth Impresses
2022-03-10 18:15:03,Germany stocks lower at close of trade; DAX down 2.93%
2022-03-10 08:49:37,"European Stocks Lower; Ukraine Talks, ECB Meeting Looms Large"
2022-03-10 07:04:11,"European Stock Futures Mixed; Russia/Ukraine Talks, ECB Meeting in Focus"
2022-03-09 18:15:04,Germany stocks higher at close of trade; DAX up 7.92%
2022-03-09 17:58:44,"Deutsche Post Earnings Miss, Revenue Beats In Q1"
2022-03-09 17:21:08,"Banks, automakers fuel strong comeback for European shares"
2022-03-09 10:18:48,Signs of Compromise in Ukraine Give Markets Much Needed Relief
2022-03-09 09:11:58,European Stocks Higher; Adidas Expects Chinese Growth To Boost Sales
2022-03-09 06:58:47,European Stock Futures Higher; ECB Meeting Looms Large
2022-03-09 06:00:41,Markets stagger as Russia sanctions intensify
2022-03-08 18:32:38,U.S. ban on Russian oil spooks jumpy European stocks
2022-03-08 18:15:04,Germany stocks lower at close of trade; DAX down 0.02%
2022-03-08 08:51:34,European Stocks Higher; Sentiment Still Fragile as Ukraine War Continues
2022-03-07 23:21:11,"Oil, commodities surge amid selloff in global shares"
2022-03-07 18:15:04,Germany stocks lower at close of trade; DAX down 1.98%
2022-03-07 17:55:54,European shares skid to near 1-year low on Russia oil ban prospects
2022-03-07 09:04:41,European Stocks Slump; Soaring Oil Prices Prompt Stagflation Fears
2022-03-04 18:15:04,Germany stocks lower at close of trade; DAX down 4.41%
2022-03-04 17:10:54,"Ukraine conflict drives European stocks to 1-year lows, automakers plunge"
2022-03-04 11:38:56,"Russian Shelling, Russian Wheat, Russian Oil, U.S. Jobs: What's Moving Markets"date,title